1,Bridget,Murphy,Female,"Baylis  Walk, 2927",Bridget_Murphy4931@womeona.net,4-570-150-6811
2,Evie,Brown,Female,"Arbutus   Pass, 569",Evie_Brown3515@guentu.biz,3-854-565-6565
3,John,Saunders,Male,"Bliss  Route, 4",John_Saunders4379@yahoo.com,7-518-561-6114
4,Tom,Fisher,Male,"Blake  Drive, 2655",Tom_Fisher3706@gmail.com,0-211-514-8800
5,Rick,Jackson,Male,"West Walk, 6790",Rick_Jackson9472@bulaffy.com,4-854-270-6400
6,Benjamin,Milner,Male,"Clifton  Grove, 9698",Benjamin_Milner3850@kideod.biz,1-270-071-5536
7,Nicholas,Dillon,Male,"Chicksand  Rue, 7284",Nicholas_Dillon9717@naiker.biz,1-747-080-4243
8,Mark,Owen,Male,"Central  Alley, 4929",Mark_Owen3820@joiniaa.com,5-300-267-1188
9,Kieth,Evans,Male,"Sundown Walk, 9165",Kieth_Evans839@twace.org,6-520-088-7650
10,Nate,Cameron,Male,"Longman   Pass, 4059",Nate_Cameron5532@jiman.org,1-833-557-6134
11,Phoebe,Hudson,Female,"Carltoun   Alley, 68",Phoebe_Hudson749@joiniaa.com,7-845-863-4454
12,Chadwick,Samuel,Male,"Chart   Tunnel, 9007",Chadwick_Samuel5385@gmail.com,0-252-176-0705
13,Dalia,Hepburn,Female,"Camberwell  Grove, 7464",Dalia_Hepburn5133@qater.org,2-324-707-5277
14,Allison,Ramsey,Female,"Blake  Boulevard, 1513",Allison_Ramsey4383@deons.tech,8-253-070-1263
15,Tania,Knight,Female,"Calverley  Road, 1239",Tania_Knight4338@deons.tech,8-170-132-5788
16,Daron,Bright,Male,"Cloth  Walk, 7929",Daron_Bright4803@dionrab.com,0-524-437-6544
17,Fred,Janes,Male,"Sheraton   Grove, 5501",Fred_Janes2205@nickia.com,4-333-701-8708
18,Owen,Shepherd,Male,"Belgrave  Lane, 2864",Owen_Shepherd5622@zorer.org,4-402-465-8215
19,Keira,May,Female,"Bacon  Tunnel, 9325",Keira_May6466@supunk.biz,1-784-514-3267
20,Thea,Janes,Female,"Linda Lane Route, 459",Thea_Janes7919@nanoff.biz,4-255-466-7740
21,Margaret,Poulton,Female,"Chesterfield  Avenue, 5052",Margaret_Poulton7090@acrit.org,1-265-232-1641
22,Marvin,Emerson,Male,"Cable    Street, 3226",Marvin_Emerson26@guentu.biz,4-647-674-7534
23,Bryon,Hobbs,Male,"Belmore  Hill, 852",Bryon_Hobbs3768@twace.org,4-412-277-1274
24,Rufus,Sloan,Male,"Abbotswell  Pass, 8438",Rufus_Sloan8904@joiniaa.com,7-352-027-6453
25,Adalie,Kerr,Female,"Blanchard  Hill, 2361",Adalie_Kerr5835@typill.biz,0-347-823-4544
26,Camden,Beal,Female,"Heritage Lane, 9186",Camden_Beal2328@bulaffy.com,8-166-332-5378
27,Jessica,Gregory,Female,"Andsell    Lane, 7414",Jessica_Gregory2763@sheye.org,8-318-058-8531
28,Ronald,Trent,Male,"Chester      Rue, 8268",Ronald_Trent4138@iatim.tech,0-606-504-1570
29,Owen,Yang,Male,"Elba  Drive, 7338",Owen_Yang6126@naiker.biz,3-200-624-5247
30,Johnny,Edley,Male,"Hamilton  Tunnel, 4087",Johnny_Edley3345@extex.org,1-737-208-4628
31,Sharon,Olivier,Female,"Collent   Pass, 707",Sharon_Olivier363@bretoux.com,5-771-887-8662
32,Domenic,Reid,Male,"Clifton  Lane, 2337",Domenic_Reid7189@nimogy.biz,2-870-478-6304
33,Paige,Shelton,Female,"Cato   Drive, 2445",Paige_Shelton8093@ubusive.com,1-878-825-5057
34,Karla,Vince,Female,"Bingham   Drive, 8417",Karla_Vince5829@atink.com,0-155-201-3225
35,Tyson,Warner,Male,"Buttonwood Alley, 9140",Tyson_Warner971@gembat.biz,2-257-107-0062
36,Mason,Wellington,Male,"Cavell   Grove, 2003",Mason_Wellington6991@hourpy.biz,1-137-010-8755
37,Madison,Fields,Female,"Cheney  Grove, 7812",Madison_Fields4549@eirey.tech,2-134-848-6138
38,Barry,Attwood,Male,"Sheringham   Lane, 8680",Barry_Attwood7483@yahoo.com,8-813-023-2645
39,Matthew,Allcott,Male,"Sherwood  Crossroad, 8369",Matthew_Allcott8521@grannar.com,1-273-667-4277
40,William,Gordon,Male,"Camdale  Drive, 9524",William_Gordon4343@nickia.com,0-606-721-6612
41,Matt,Bennett,Male,"Tilson  Alley, 8034",Matt_Bennett6389@ubusive.com,3-808-585-2128
42,Lorraine,Dickson,Female,"Thurloe   Tunnel, 1307",Lorraine_Dickson5479@irrepsy.com,5-061-465-7452
43,Ciara,Steer,Female,"Clarks  Rue, 312",Ciara_Steer575@qater.org,5-754-136-7633
44,Zara,Redwood,Female,"Geffrye   Vale, 8997",Zara_Redwood4302@guentu.biz,3-775-075-2727
45,Leilani,Mooney,Female,"College  Hill, 3318",Leilani_Mooney9357@tonsy.org,0-601-128-1300
46,Oliver,Eastwood,Male,"Durweston   Drive, 9685",Oliver_Eastwood4432@joiniaa.com,6-384-517-5376
47,Doug,Tennant,Male,"Beatty  Pass, 6599",Doug_Tennant4440@deavo.com,7-387-185-8287
48,Josh,Norburn,Male,"Bedford  Walk, 5474",Josh_Norburn4954@infotech44.tech,3-375-227-3261
49,Amelia,Reese,Female,"Longmoore   Avenue, 840",Amelia_Reese3430@iatim.tech,4-823-818-3717
50,Javier,Ripley,Male,"Bayberry Way, 3434",Javier_Ripley6067@bulaffy.com,1-254-740-1801
51,Elijah,Gibbons,Male,"Ayres   Alley, 4280",Elijah_Gibbons5623@deons.tech,3-350-701-0306
52,Camellia,Bright,Female,"Geffrye   Route, 8004",Camellia_Bright6082@corti.com,1-646-018-2083
53,Mike,Addison,Male,"Camera  Rue, 4824",Mike_Addison6046@sheye.org,3-868-382-7310
54,Elly,Price,Female,"Carnegie   Lane, 8629",Elly_Price314@deavo.com,0-704-543-8755
55,Hadley,Ingram,Female,"Coal Wharf  Road, 5304",Hadley_Ingram3376@deons.tech,8-188-713-6587
56,Victoria,Douglas,Female,"Abbotswell  Drive, 2132",Victoria_Douglas2775@hourpy.biz,5-286-510-8875
57,Amelia,Emmett,Female,"Bigland  Drive, 1147",Amelia_Emmett6620@cispeto.com,1-637-764-2061
58,Leroy,Rogers,Male,"Tilson  Tunnel, 1337",Leroy_Rogers3323@bauros.biz,0-366-342-4174
59,George,Larkin,Male,"Lincoln Crossroad, 437",George_Larkin9751@typill.biz,5-782-571-0405
60,Mike,Mann,Male,"Bendmore  Lane, 6508",Mike_Mann4800@bretoux.com,3-812-122-4747
61,Cara,Rogers,Female,"Cleaver Avenue, 5064",Cara_Rogers1097@iatim.tech,2-200-250-5270
62,Eden,Newman,Female,"Sundown Way, 6647",Eden_Newman655@ubusive.com,4-618-236-2712
63,Michael,Norris,Male,"Carlisle  Lane, 817",Michael_Norris9652@grannar.com,2-510-455-4135
64,Isabel,Hall,Female,"Virginia Vale, 829",Isabel_Hall8395@zorer.org,8-771-456-6626
65,Tess,Rogers,Female,"Ben   Avenue, 1145",Tess_Rogers4528@iatim.tech,6-113-448-6638
66,Sebastian,Dowson,Male,"Ayres   Walk, 9808",Sebastian_Dowson5167@zorer.org,8-877-511-8611
67,Adina,Donovan,Female,"Ashley Rue, 4414",Adina_Donovan6723@fuliss.net,6-882-282-5861
68,Andrea,Russell,Female,"Black Swan  Route, 2627",Andrea_Russell7509@gmail.com,3-005-181-0876
69,Daron,Rogers,Male,"Dunsley  Road, 4945",Daron_Rogers6134@brety.org,7-408-053-0423
70,Johnathan,Rothwell,Male,"Cobden  Crossroad, 3432",Johnathan_Rothwell1359@ubusive.com,6-250-872-0357
71,Owen,Upton,Male,"Wadham  Road, 860",Owen_Upton5732@mafthy.com,4-145-335-0841
72,Denny,Nanton,Male,"Comet House  Crossroad, 9459",Denny_Nanton720@gembat.biz,3-357-446-5665
73,Mavis,Khan,Female,"Bellenden   Walk, 16",Mavis_Khan6286@gompie.com,1-117-314-3080
74,Matt,Gray,Male,"Carpenter Hill, 6045",Matt_Gray917@bulaffy.com,5-821-848-7447
75,Mara,Giles,Female,"Garfield Vale, 7739",Mara_Giles4465@elnee.tech,0-356-656-3268
76,Marina,Vane,Female,"Birkbeck  Drive, 165",Marina_Vane9394@infotech44.tech,2-674-116-4308
77,Chester,Spencer,Male,"Addison  Boulevard, 4784",Chester_Spencer4397@gmail.com,6-447-458-5471
78,Susan,Reading,Female,"Cato   Avenue, 1271",Susan_Reading5687@mafthy.com,7-102-610-2777
79,Ryan,Morgan,Male,"Collent   Street, 920",Ryan_Morgan237@mafthy.com,1-104-778-6456
80,Marina,Hooper,Female,"Arundel   Grove, 2236",Marina_Hooper936@twipet.com,5-676-865-2241